nom;das;ville;x;y
CC Quercy Bouriane;GO Sports&Loisirs;Gourdon;1.3893871545514858;44.739328945409625
Trigone;GO Environnement;Auch;0.6064602188204824;43.696198475301976
Inter Caux Vexin;GO Environnement;Buchy;1.35482548182066;49.58417492977708
St-Rémy-de-Provence;GO Sports&Loisirs;St-Rémy-de-Provence;4.83176376945642;43.789238240271146
