nom;das;ville;x;y
CC Quercy Bouriane;GO Sports&Loisirs;Gourdon;1.3893871545514858;44.739328945409625
Trigone;GO Environnement;Auch;0.6064602188204824;43.696198475301976
